country,1960,1961,1962,1963,1964,1965,1966,1967,1968,1969,1970,1971,1972,1973,1974,1975,1976,1977,1978,1979,1980,1981,1982,1983,1984,1985,1986,1987,1988,1989,1990,1991,1992,1993,1994,1995,1996,1997,1998,1999,2000,2001,2002,2003,2004,2005,2006,2007,2008,2009,2010,2011,2012,2013,2014,2015,2016,2017,2018
Afghanistan,117000000,238000000,117000000,241000000,309000000,379000000,350000000,268000000,186000000,166000000,159000000,234000000,270000000,243000000,195000000,236000000,241000000,261000000,205000000,241000000,64100000,52200000,24100000,35200000,17500000,40700000,5740000,84300000,124000000,245000000,188000000,722000000,289000000,320000000,317000000,259000000,209000000,314000000,227000000,201000000,206000000,648000000,1720000000,1900000000,2590000000,3200000000,3190000000,5040000000,4780000000,6260000000,6240000000,6430000000,6320000000,4860000000,4680000000,4340000000,4140000000,3810000000,3650000000
Albania,,,,,,,,,,,,,,,,,,,,,,,,,,,,,8790000,17000000,15400000,438000000,539000000,385000000,213000000,216000000,279000000,221000000,361000000,669000000,469000000,405000000,435000000,424000000,338000000,340000000,343000000,295000000,324000000,325000000,339000000,330000000,321000000,243000000,251000000,335000000,174000000,168000000,325000000
Algeria,3030000000,3620000000,3070000000,2070000000,1600000000,1020000000,842000000,711000000,764000000,819000000,760000000,726000000,562000000,537000000,509000000,794000000,469000000,385000000,485000000,241000000,425000000,417000000,359000000,235000000,348000000,494000000,345000000,366000000,277000000,263000000,450000000,279000000,465000000,439000000,395000000,346000000,362000000,328000000,562000000,190000000,299000000,311000000,273000000,289000000,342000000,366000000,243000000,360000000,277000000,268000000,184000000,169000000,137000000,184000000,140000000,72400000,148000000,175000000,136000000
Angola,-390000,266000000,,240000,,12100000,28500000,174000000,80000,-1000000,-410000,-70000,640000,980000,1600000,17300000,57700000,148000000,121000000,104000000,110000000,135000000,144000000,189000000,248000000,236000000,269000000,232000000,257000000,278000000,381000000,387000000,442000000,417000000,614000000,525000000,580000000,491000000,466000000,539000000,441000000,426000000,579000000,609000000,1280000000,451000000,180000000,257000000,343000000,238000000,228000000,184000000,233000000,266000000,218000000,399000000,212000000,223000000,154000000
Antigua and Barbuda,,,,,,,,,,,,,,40000,13900000,7930000,11100000,17300000,10700000,8530000,12400000,20200000,11200000,7700000,5440000,6470000,9960000,10100000,14100000,6830000,6480000,9490000,6310000,4190000,5580000,2720000,4690000,5560000,12000000,11300000,12700000,10700000,15400000,6110000,1830000,8040000,3310000,4680000,5190000,3950000,17200000,12000000,1810000,1460000,2330000,1620000,-190000,9920000,16100000
Argentina,263000000,405000000,331000000,202000000,-82100000,-483000000,-103000000,68300000,-27600000,94100000,-30300000,27900000,5960000,58300000,61900000,41200000,47900000,48800000,40800000,62100000,92000000,85400000,72700000,85100000,83400000,99900000,140000000,133000000,220000000,320000000,233000000,363000000,324000000,339000000,215000000,158000000,145000000,125000000,90600000,92600000,83300000,238000000,145000000,145000000,105000000,99500000,118000000,86900000,111000000,104000000,116000000,86400000,165000000,32700000,44300000,-18800000,3160000,-1170000,67700000
Armenia,,,,,,,,,,,,,,,,,,,,,,,,,,,,,,,,4060000,34300000,164000000,273000000,275000000,377000000,219000000,261000000,282000000,299000000,301000000,405000000,309000000,294000000,192000000,233000000,358000000,290000000,385000000,306000000,353000000,255000000,258000000,242000000,360000000,343000000,256000000,131000000
Azerbaijan,,,,,,,,,,,,,,,,,,,,,,,,,,,,,,,,380000,9640000,32400000,205000000,146000000,119000000,241000000,161000000,225000000,182000000,289000000,439000000,354000000,201000000,230000000,217000000,210000000,208000000,207000000,152000000,243000000,237000000,-65900000,198000000,71800000,78400000,124000000,81300000
Bahamas,-370000,,,140000,480000,540000,360000,4310000,390000,500000,490000,1490000,6750000,2180000,2110000,2380000,2060000,1480000,2250000,2160000,3120000,3190000,3180000,2160000,22300000,1720000,3400000,1110000,2310000,6700000,4530000,3850000,3730000,1520000,1270000,5500000,,,,,,,,,,,,,,,,,,,,,,,
Bahrain,670000,8400000,11600000,5450000,4780000,6840000,65500000,370000,1720000,1030000,5910000,26400000,14600000,63400000,151000000,91400000,554000000,151000000,230000000,326000000,460000000,451000000,365000000,599000000,506000000,176000000,195000000,14700000,-4380000,-3880000,197000000,130000000,105000000,149000000,122000000,114000000,160000000,194000000,264000000,80300000,81200000,100000000,84300000,160000000,64900000,,,,,,,,,,,,,,
Bangladesh,,,,,,,,,,,,117000000,1130000000,1850000000,2120000000,3770000000,1670000000,2440000000,2640000000,2730000000,2740000000,2420000000,3060000000,2300000000,2640000000,2320000000,2470000000,2680000000,2110000000,2280000000,2520000000,2250000000,1970000000,1550000000,1780000000,1170000000,1150000000,1120000000,1290000000,1320000000,1290000000,1300000000,1090000000,1530000000,1560000000,1340000000,1060000000,1220000000,1610000000,1040000000,1260000000,1280000000,1930000000,2390000000,2210000000,2630000000,2550000000,3780000000,2950000000
Barbados,,,,,,,11400000,3910000,5960000,8910000,14800000,26800000,24900000,21200000,14500000,15300000,18800000,14900000,26200000,16600000,15600000,23900000,20100000,35700000,12800000,14100000,9430000,8640000,3210000,1540000,3010000,3030000,1390000,6950000,3710000,310000,6740000,7660000,23000000,-950000,2820000,-180000,6420000,25600000,32700000,-760000,-480000,17400000,8290000,10800000,14200000,,,,,,,,
Belarus,,,,,,,,,,,,,,,,,,,,,,,,,,,,,,,,,,,,,,,,,,,,,,64100000,80300000,83200000,99300000,94400000,132000000,106000000,96000000,97200000,107000000,108000000,-20500000,-250000000,111000000
Belize,16800000,25000000,45000000,34500000,10400000,15700000,18300000,41800000,42700000,50500000,40300000,30800000,21600000,23800000,28200000,32800000,44800000,32700000,53900000,52900000,29400000,23600000,27400000,33200000,32200000,46800000,48000000,43700000,42400000,47500000,46000000,32100000,36000000,44200000,43800000,23600000,26700000,17700000,18800000,56000000,23100000,31700000,29900000,15300000,7400000,12100000,8030000,21000000,21200000,24800000,22000000,18700000,24200000,48100000,33800000,28800000,35700000,34100000,31900000
Benin,180000,10800000,28500000,36300000,137000000,128000000,106000000,114000000,92000000,86900000,95800000,173000000,105000000,121000000,135000000,189000000,178000000,155000000,168000000,205000000,193000000,191000000,194000000,211000000,196000000,245000000,271000000,226000000,253000000,438000000,381000000,370000000,373000000,384000000,329000000,325000000,336000000,293000000,267000000,284000000,366000000,420000000,319000000,367000000,435000000,380000000,422000000,459000000,577000000,633000000,660000000,630000000,472000000,600000000,544000000,447000000,511000000,680000000,545000000
Bhutan,,,,110000,100000,1500000,420000,90000,1180000,790000,1640000,1000000,1180000,2930000,2500000,7940000,12100000,9690000,8780000,12400000,18600000,23000000,27000000,30300000,41100000,52500000,73600000,62700000,56900000,59100000,59600000,76700000,68600000,77400000,84200000,74600000,67500000,75800000,72300000,86100000,69400000,80900000,83100000,87700000,79800000,84800000,98200000,95300000,72300000,94000000,84900000,100000000,139000000,123000000,119000000,99900000,51800000,119000000,96800000
Bolivia,85500000,151000000,218000000,312000000,245000000,221000000,187000000,180000000,241000000,190000000,165000000,165000000,226000000,107000000,216000000,169000000,189000000,216000000,316000000,306000000,315000000,286000000,253000000,350000000,314000000,375000000,498000000,479000000,665000000,762000000,695000000,671000000,868000000,743000000,693000000,789000000,910000000,836000000,743000000,692000000,607000000,981000000,843000000,945000000,785000000,607000000,868000000,461000000,550000000,576000000,522000000,480000000,610000000,635000000,613000000,805000000,712000000,949000000,696000000
Bosnia and Herzegovina,,,,,,,,,,,,,,,,,,,,,,,,,,,,,,20000,10000,10000,20100000,95400000,580000000,1150000000,1080000000,1180000000,1250000000,1770000000,1120000000,970000000,797000000,658000000,765000000,587000000,567000000,575000000,411000000,389000000,482000000,550000000,525000000,464000000,559000000,362000000,454000000,441000000,341000000
Botswana,31700000,48800000,45100000,45400000,73100000,79300000,126000000,130000000,129000000,99100000,89400000,105000000,153000000,158000000,150000000,179000000,163000000,148000000,192000000,239000000,228000000,219000000,237000000,248000000,255000000,239000000,210000000,280000000,239000000,258000000,212000000,190000000,153000000,185000000,118000000,112000000,86500000,161000000,132000000,77400000,42100000,40500000,51500000,35300000,55500000,54900000,72800000,108000000,704000000,307000000,156000000,121000000,74100000,108000000,96500000,67400000,92000000,102000000,80400000
Brazil,260000000,1960000000,1190000000,1330000000,1510000000,1690000000,1990000000,1030000000,1210000000,739000000,701000000,574000000,450000000,280000000,515000000,469000000,317000000,202000000,204000000,186000000,160000000,512000000,422000000,261000000,380000000,239000000,279000000,449000000,321000000,319000000,228000000,260000000,-436000000,215000000,298000000,269000000,288000000,281000000,314000000,119000000,286000000,346000000,296000000,251000000,177000000,224000000,105000000,304000000,417000000,348000000,445000000,711000000,1180000000,912000000,795000000,1030000000,695000000,274000000,404000000
Brunei,70000,3660000,5380000,290000,500000,570000,550000,480000,200000,200000,70000,290000,110000,640000,700000,570000,430000,260000,260000,220000,60000,380000,600000,950000,1780000,3140000,4010000,4400000,5430000,5550000,4880000,4220000,5810000,4740000,4580000,3260000,,,,,,,,,,,,,,,,,,,,,,,
Burkina Faso,1570000,12900000,37900000,34700000,116000000,127000000,122000000,131000000,153000000,157000000,139000000,169000000,178000000,262000000,403000000,307000000,269000000,349000000,428000000,470000000,454000000,507000000,512000000,443000000,461000000,462000000,546000000,459000000,469000000,442000000,465000000,592000000,567000000,641000000,572000000,576000000,503000000,496000000,538000000,539000000,292000000,587000000,636000000,662000000,718000000,758000000,946000000,903000000,900000000,1020000000,983000000,869000000,1070000000,960000000,1040000000,1020000000,1050000000,892000000,1060000000
Burundi,71600000,67800000,97600000,53500000,68200000,39400000,67800000,78200000,94000000,105000000,117000000,132000000,141000000,127000000,155000000,167000000,154000000,146000000,195000000,220000000,250000000,291000000,309000000,345000000,356000000,360000000,390000000,333000000,322000000,338000000,379000000,359000000,408000000,295000000,403000000,340000000,137000000,77100000,96000000,107000000,139000000,219000000,248000000,284000000,402000000,400000000,454000000,482000000,471000000,540000000,590000000,511000000,483000000,507000000,466000000,376000000,759000000,436000000,430000000
Cambodia,183000000,165000000,147000000,156000000,87800000,69400000,82700000,95300000,68000000,86700000,128000000,215000000,325000000,629000000,1220000000,294000000,2500000,1060000,680000,270000000,598000000,258000000,85600000,92900000,54300000,35400000,31400000,29900000,34300000,40500000,62500000,129000000,261000000,392000000,370000000,555000000,460000000,422000000,408000000,330000000,463000000,502000000,555000000,524000000,454000000,493000000,509000000,637000000,582000000,610000000,639000000,607000000,715000000,737000000,742000000,703000000,741000000,856000000,744000000
Cameroon,3460000,60900000,78000000,70400000,207000000,242000000,347000000,270000000,339000000,253000000,374000000,285000000,329000000,270000000,250000000,377000000,461000000,578000000,478000000,645000000,561000000,455000000,514000000,314000000,480000000,396000000,446000000,343000000,451000000,769000000,635000000,731000000,922000000,721000000,946000000,515000000,485000000,655000000,670000000,576000000,550000000,698000000,876000000,1060000000,857000000,449000000,1780000000,1820000000,495000000,605000000,504000000,540000000,555000000,682000000,764000000,681000000,774000000,1220000000,1110000000
Cape Verde,,30800000,,,,,24000000,6810000,,80000,,,,,,30300000,82300000,79700000,95000000,74300000,133000000,115000000,124000000,140000000,164000000,168000000,217000000,146000000,131000000,146000000,159000000,148000000,153000000,161000000,164000000,140000000,145000000,153000000,181000000,188000000,142000000,121000000,133000000,178000000,162000000,179000000,146000000,157000000,200000000,183000000,307000000,218000000,230000000,221000000,209000000,160000000,118000000,123000000,79200000
Central African Republic,280000,3910000,10300000,17900000,127000000,117000000,110000000,141000000,117000000,130000000,91300000,90900000,133000000,115000000,154000000,187000000,132000000,139000000,135000000,191000000,224000000,232000000,215000000,231000000,341000000,267000000,262000000,299000000,322000000,303000000,349000000,237000000,223000000,222000000,213000000,173000000,190000000,112000000,155000000,153000000,98700000,108000000,80600000,61500000,121000000,97400000,142000000,171000000,243000000,228000000,248000000,233000000,210000000,184000000,549000000,496000000,517000000,512000000,627000000
Chad,280000,32000000,51700000,50300000,124000000,133000000,134000000,140000000,141000000,156000000,144000000,180000000,159000000,206000000,326000000,234000000,205000000,263000000,337000000,208000000,78600000,140000000,157000000,224000000,293000000,462000000,325000000,348000000,429000000,415000000,440000000,370000000,313000000,304000000,277000000,273000000,353000000,300000000,232000000,252000000,193000000,286000000,326000000,306000000,373000000,429000000,310000000,361000000,408000000,548000000,482000000,422000000,450000000,428000000,357000000,621000000,638000000,648000000,838000000
Chile,151000000,804000000,1000000000,884000000,719000000,637000000,815000000,610000000,460000000,422000000,306000000,152000000,192000000,174000000,60100000,406000000,38300000,34000000,14400000,-79900000,-22600000,1100000,3720000,27100000,37900000,125000000,8400000,38800000,74400000,106000000,143000000,164000000,164000000,233000000,185000000,145000000,214000000,155000000,132000000,85200000,66500000,78400000,10500000,96200000,65500000,183000000,102000000,99300000,88200000,68400000,169000000,143000000,112000000,70700000,219000000,54900000,184000000,70100000,
China,,,,,,,,,,,,,,,,,,,,39800000,142000000,1090000000,1210000000,1530000000,1830000000,2190000000,1920000000,2120000000,2750000000,2970000000,2710000000,2490000000,3560000000,3740000000,3410000000,3430000000,2880000000,2490000000,2930000000,2710000000,2090000000,1900000000,1850000000,1490000000,1710000000,1790000000,1300000000,1380000000,1160000000,1030000000,659000000,-503000000,-6560000,-608000000,-919000000,-348000000,-750000000,-990000000,-745000000
Colombia,-47500000,336000000,320000000,450000000,273000000,249000000,502000000,566000000,671000000,579000000,696000000,518000000,492000000,558000000,346000000,250000000,229000000,122000000,153000000,88300000,83700000,124000000,156000000,111000000,131000000,145000000,104000000,135000000,124000000,117000000,135000000,177000000,315000000,149000000,108000000,211000000,229000000,248000000,242000000,439000000,293000000,567000000,632000000,1060000000,658000000,764000000,1160000000,784000000,1020000000,1110000000,662000000,989000000,744000000,807000000,1130000000,1390000000,1130000000,850000000,1680000000
Comoros,,,,,,,41300000,63900000,52000000,39500000,49800000,52200000,51600000,73500000,109000000,70400000,84600000,40100000,38400000,46600000,92700000,107000000,91500000,91000000,108000000,119000000,91000000,90100000,80800000,70600000,61700000,87500000,61300000,62900000,49800000,46500000,46100000,39200000,52400000,29300000,29000000,41200000,38800000,29500000,28000000,24400000,32600000,42000000,36200000,44700000,65200000,47700000,91400000,72500000,66900000,67400000,54900000,67200000,82800000
"Congo, Dem. Rep.",763000000,795000000,924000000,897000000,973000000,1060000000,669000000,654000000,528000000,569000000,581000000,648000000,647000000,626000000,719000000,884000000,650000000,793000000,817000000,957000000,909000000,925000000,862000000,810000000,821000000,799000000,878000000,1160000000,911000000,1180000000,1260000000,663000000,360000000,242000000,315000000,224000000,200000000,211000000,172000000,187000000,268000000,375000000,1650000000,6710000000,2080000000,1990000000,2400000000,1290000000,1620000000,2260000000,3280000000,5070000000,2640000000,2360000000,2190000000,2630000000,2140000000,2290000000,2410000000
"Congo, Rep.",200000,1700000,28600000,47800000,137000000,115000000,173000000,134000000,143000000,110000000,97700000,103000000,121000000,118000000,156000000,188000000,246000000,149000000,216000000,208000000,188000000,183000000,217000000,263000000,258000000,187000000,208000000,226000000,138000000,147000000,295000000,181000000,146000000,162000000,467000000,147000000,529000000,350000000,84900000,199000000,48500000,108000000,82200000,83200000,126000000,1500000000,266000000,112000000,414000000,254000000,1200000000,230000000,130000000,136000000,94900000,91000000,88700000,107000000,138000000
Costa Rica,27600000,45600000,58600000,51900000,72700000,93600000,77900000,77600000,68200000,75900000,63400000,71800000,74800000,70700000,64400000,74300000,47200000,52800000,85400000,71200000,53000000,72100000,146000000,480000000,426000000,537000000,357000000,414000000,316000000,383000000,331000000,254000000,193000000,160000000,109000000,55200000,-3370000,8520000,39800000,7570000,44700000,30000000,24600000,44800000,30200000,33100000,31800000,62300000,67400000,97000000,85400000,32400000,28600000,29100000,49700000,117000000,102000000,99300000,90700000
Cote d'Ivoire,1060000,29300000,77500000,72300000,283000000,281000000,255000000,237000000,301000000,324000000,333000000,301000000,247000000,276000000,312000000,337000000,371000000,327000000,340000000,363000000,426000000,287000000,339000000,391000000,330000000,306000000,344000000,399000000,693000000,649000000,943000000,865000000,969000000,996000000,2060000000,1390000000,1140000000,575000000,1300000000,586000000,508000000,296000000,1540000000,312000000,178000000,99400000,257000000,173000000,547000000,2210000000,796000000,1270000000,2670000000,1180000000,851000000,665000000,628000000,829000000,914000000
Croatia,,,,,,,,,,,,,,,,,,,,,,,,,,,,,,,,,10000,,148000000,65800000,155000000,58400000,61100000,68700000,98000000,171000000,186000000,154000000,141000000,135000000,208000000,156000000,210000000,150000000,120000000,,,,,,,,
Cuba,1870000,1450000,290000,-1220000,3190000,3970000,4880000,4960000,4240000,8200000,10800000,13700000,17900000,21800000,54800000,62000000,143000000,132000000,130000000,109000000,98800000,62800000,82400000,86700000,88200000,100000000,81800000,83900000,96700000,95800000,72300000,49900000,31600000,61300000,63400000,79000000,71600000,88800000,108000000,83800000,69400000,83800000,90700000,95400000,113000000,97700000,88600000,95600000,113000000,105000000,123000000,77600000,76700000,89300000,215000000,613000000,2840000000,735000000,724000000
Cyprus,217000000,166000000,119000000,91200000,38900000,49500000,11800000,9450000,5720000,22700000,37900000,33100000,37500000,35900000,88700000,111000000,194000000,301000000,136000000,75300000,121000000,109000000,73800000,44500000,41200000,82500000,68900000,74000000,73500000,68200000,58800000,59300000,37100000,48900000,61800000,27300000,29700000,,,,,,,,,,,,,,,,,,,,,,
Djibouti,,,,,,,43800000,64200000,61600000,65500000,74400000,62900000,67600000,80600000,116000000,108000000,88500000,140000000,279000000,51900000,155000000,147000000,140000000,159000000,257000000,204000000,227000000,176000000,147000000,121000000,290000000,143000000,141000000,185000000,160000000,111000000,109000000,108000000,102000000,97000000,97200000,87600000,102000000,93900000,69800000,79200000,119000000,107000000,127000000,150000000,119000000,124000000,133000000,133000000,150000000,177000000,189000000,142000000,172000000
Dominica,,,,,,,,,,,,,,400000,15800000,29300000,16200000,17200000,21800000,23100000,39100000,34600000,38700000,23800000,37100000,40700000,24000000,27600000,29000000,37700000,27300000,24100000,16000000,12300000,24600000,26700000,50100000,16500000,25100000,11100000,19000000,27200000,37500000,12700000,30700000,22700000,20400000,18300000,18600000,32400000,29600000,20600000,23300000,17700000,14300000,11900000,8680000,19000000,25600000
Dominican Republic,1390000,1140000,140000000,298000000,146000000,480000000,310000000,337000000,240000000,183000000,178000000,118000000,113000000,84700000,63800000,72000000,81900000,47400000,56200000,121000000,166000000,147000000,220000000,137000000,310000000,343000000,135000000,198000000,176000000,213000000,132000000,107000000,98700000,-15900000,75300000,99400000,95100000,79600000,142000000,235000000,76900000,155000000,210000000,96200000,109000000,104000000,94700000,140000000,164000000,130000000,185000000,215000000,248000000,137000000,152000000,287000000,181000000,118000000,84000000
Ecuador,44400000,76500000,86800000,106000000,119000000,134000000,153000000,162000000,137000000,104000000,114000000,117000000,97400000,130000000,113000000,138000000,162000000,103000000,80500000,132000000,70100000,81900000,99200000,121000000,170000000,183000000,190000000,326000000,250000000,225000000,209000000,276000000,285000000,253000000,251000000,214000000,280000000,205000000,235000000,203000000,223000000,250000000,326000000,255000000,221000000,287000000,235000000,224000000,227000000,214000000,160000000,170000000,146000000,141000000,151000000,329000000,251000000,203000000,375000000
Egypt,1480000000,747000000,1210000000,1390000000,1590000000,835000000,632000000,247000000,240000000,70000000,1070000000,782000000,711000000,3920000000,5470000000,8850000000,8260000000,8290000000,7470000000,3960000000,3310000000,3020000000,3320000000,3240000000,3910000000,3770000000,3210000000,3110000000,2500000000,2760000000,9250000000,8060000000,5280000000,3450000000,3690000000,2480000000,2760000000,2660000000,2690000000,2190000000,1940000000,1860000000,1790000000,1270000000,1750000000,1190000000,976000000,1180000000,1630000000,940000000,567000000,361000000,1580000000,4950000000,3190000000,2580000000,2530000000,32800000,1970000000
El Salvador,9170000,54600000,42200000,74700000,81200000,91200000,127000000,86600000,62200000,70500000,73700000,54300000,76700000,54000000,38000000,60600000,58600000,80100000,87300000,89900000,201000000,275000000,414000000,534000000,494000000,673000000,646000000,787000000,710000000,664000000,532000000,422000000,543000000,506000000,384000000,342000000,326000000,341000000,247000000,254000000,249000000,359000000,346000000,260000000,281000000,239000000,185000000,126000000,221000000,278000000,305000000,297000000,228000000,159000000,92500000,92500000,133000000,152000000,239000000
Equatorial Guinea,,,,,,,,,,,,,,4470000,63500000,7670000,1420000,2630000,1610000,6500000,20300000,24500000,35500000,27400000,38200000,42600000,40300000,95300000,76800000,94300000,84900000,85500000,78700000,72400000,39700000,40500000,38300000,33400000,31300000,28500000,34100000,21700000,29600000,25400000,31300000,39800000,26200000,27900000,27300000,27200000,77300000,20700000,13100000,4030000,280000,7660000,7100000,6930000,5270000
Eritrea,,,,,,,,,,,,170000,,2740000,8590000,5700000,,6630000,13500000,9990000,10400000,12800000,10500000,10600000,10800000,,1960000,3390000,3160000,,6440000,,1310000,102000000,215000000,190000000,204000000,165000000,228000000,209000000,263000000,430000000,320000000,396000000,309000000,399000000,131000000,151000000,133000000,136000000,154000000,115000000,124000000,73200000,75400000,95600000,68200000,79100000,80000000
Eswatini,78400000,102000000,56300000,54000000,105000000,118000000,78100000,69600000,62200000,73100000,38400000,10400000,45900000,50900000,62200000,50600000,46300000,96400000,122000000,118000000,107000000,78500000,60900000,76300000,71800000,55500000,66700000,79100000,65800000,54300000,80800000,76500000,76400000,75800000,74000000,69400000,39100000,34400000,45100000,36700000,17100000,42900000,30400000,40400000,23200000,49300000,36100000,49300000,65500000,55000000,89300000,117000000,88900000,112000000,83100000,95100000,151000000,147000000,116000000
Ethiopia,136000000,166000000,181000000,169000000,111000000,141000000,167000000,186000000,278000000,234000000,245000000,248000000,232000000,294000000,482000000,464000000,485000000,348000000,379000000,460000000,466000000,585000000,486000000,832000000,947000000,1810000000,1310000000,1100000000,1600000000,1190000000,1440000000,1530000000,1540000000,1490000000,1420000000,1070000000,1000000000,773000000,901000000,871000000,984000000,1590000000,1840000000,2020000000,2080000000,2170000000,2150000000,2520000000,3160000000,3740000000,3380000000,3220000000,3050000000,3600000000,3280000000,3240000000,4150000000,4120000000,4730000000
Fiji,9970000,8990000,93200000,37700000,28300000,33800000,30500000,20700000,49300000,66500000,48300000,65600000,48000000,74400000,66400000,81700000,104000000,89100000,85200000,88300000,86400000,96300000,86600000,82100000,80600000,84800000,92900000,68300000,90700000,69700000,80300000,70700000,97800000,88500000,57000000,57500000,59000000,60600000,54800000,48200000,42300000,41000000,49400000,64400000,76400000,76100000,66000000,53100000,45700000,65300000,69000000,60700000,86400000,79300000,84500000,107000000,123000000,146000000,110000000
Gabon,180000,5340000,24100000,33000000,110000000,96000000,94200000,105000000,88100000,122000000,151000000,142000000,142000000,185000000,98200000,198000000,110000000,81900000,112000000,83300000,110000000,96000000,147000000,160000000,201000000,159000000,154000000,136000000,167000000,213000000,179000000,195000000,87200000,133000000,233000000,171000000,148000000,52200000,59200000,65400000,19300000,12400000,102000000,-11800000,43700000,53000000,31600000,49200000,55200000,69400000,93900000,58200000,62400000,77600000,98400000,101000000,42300000,106000000,110000000
Gambia,4990000,12800000,21900000,43500000,20900000,32900000,25800000,22100000,41800000,25100000,8780000,19800000,25500000,30200000,43100000,30000000,39800000,69800000,96600000,83900000,117000000,161000000,110000000,96400000,127000000,118000000,207000000,178000000,137000000,166000000,140000000,141000000,143000000,113000000,86900000,54100000,44500000,51400000,52300000,44700000,68300000,74400000,86400000,74900000,68300000,65500000,78400000,92600000,88800000,118000000,113000000,118000000,126000000,101000000,89500000,112000000,92900000,278000000,222000000
Georgia,,,,,,,,,,,,,,,,,,,,,,,,,,,,,,,,320000,26100000,156000000,249000000,261000000,386000000,320000000,280000000,329000000,240000000,415000000,432000000,283000000,361000000,327000000,388000000,383000000,827000000,789000000,586000000,511000000,623000000,603000000,527000000,462000000,473000000,447000000,559000000
Ghana,20900000,20700000,45900000,124000000,151000000,311000000,407000000,311000000,417000000,449000000,346000000,313000000,286000000,181000000,140000000,437000000,213000000,283000000,312000000,418000000,418000000,337000000,342000000,264000000,533000000,476000000,708000000,696000000,891000000,1110000000,784000000,1190000000,790000000,824000000,665000000,732000000,765000000,629000000,890000000,763000000,786000000,918000000,939000000,1180000000,1510000000,1230000000,1270000000,1100000000,1190000000,1510000000,1620000000,1660000000,1660000000,1210000000,1020000000,1790000000,1340000000,1260000000,1030000000
Grenada,,,,,,,,,,,,,,220000,8200000,9730000,8780000,10700000,7370000,7010000,8650000,14800000,14500000,18400000,59900000,72900000,47700000,34400000,33000000,23500000,19300000,21300000,16600000,10400000,30800000,11300000,13100000,10700000,7730000,13100000,20500000,14900000,13600000,11400000,16700000,56000000,28300000,25300000,28900000,43000000,30900000,9190000,6960000,11500000,36000000,24500000,8510000,5840000,29400000
Guatemala,109000000,99900000,64300000,67200000,78100000,94300000,65300000,92300000,96300000,75900000,75700000,58500000,88300000,79100000,87600000,108000000,171000000,134000000,90200000,106000000,98100000,91000000,102000000,127000000,109000000,165000000,239000000,434000000,369000000,411000000,289000000,282000000,290000000,300000000,255000000,242000000,210000000,336000000,310000000,365000000,343000000,321000000,353000000,317000000,263000000,291000000,518000000,435000000,475000000,358000000,382000000,324000000,288000000,458000000,265000000,420000000,272000000,367000000,381000000
Guinea,1450000,21600000,78200000,173000000,92500000,153000000,90500000,50500000,38300000,85300000,67100000,52500000,23800000,54800000,78400000,87400000,35600000,68900000,168000000,136000000,198000000,253000000,275000000,164000000,303000000,280000000,338000000,366000000,396000000,587000000,408000000,520000000,574000000,542000000,461000000,471000000,361000000,504000000,468000000,314000000,212000000,416000000,351000000,304000000,306000000,213000000,185000000,250000000,323000000,200000000,208000000,181000000,582000000,424000000,511000000,553000000,579000000,472000000,566000000
Guinea-Bissau,,9160000,,,,,22600000,4890000,,830000,,1240000,,40000,40200000,70700000,80000000,120000000,134000000,122000000,122000000,147000000,153000000,157000000,145000000,143000000,140000000,192000000,162000000,198000000,185000000,159000000,142000000,131000000,254000000,140000000,227000000,167000000,129000000,74300000,125000000,95900000,87300000,178000000,85900000,72000000,91800000,119000000,119000000,135000000,120000000,105000000,74900000,96300000,99900000,97800000,202000000,113000000,146000000
Guyana,69700000,80900000,68700000,49400000,38700000,48100000,59600000,70700000,95900000,108000000,99100000,85500000,60700000,34600000,47100000,36500000,74500000,36100000,77900000,75600000,61800000,121000000,59000000,35800000,23600000,25300000,48000000,43500000,38100000,63500000,230000000,175000000,92600000,123000000,90800000,83600000,108000000,285000000,94800000,73500000,84100000,87200000,62600000,71700000,110000000,110000000,138000000,78300000,113000000,107000000,99100000,90000000,107000000,92900000,133000000,32300000,71800000,51100000,97800000
Haiti,67700000,91500000,35400000,20800000,26200000,39400000,27800000,27500000,33800000,23700000,35500000,30100000,33900000,34100000,51000000,144000000,183000000,204000000,209000000,191000000,220000000,223000000,261000000,269000000,271000000,319000000,348000000,373000000,220000000,310000000,234000000,252000000,144000000,178000000,936000000,905000000,425000000,385000000,488000000,302000000,257000000,244000000,211000000,238000000,329000000,421000000,582000000,633000000,801000000,977000000,2850000000,1430000000,1210000000,1090000000,1010000000,1070000000,1090000000,981000000,958000000
Honduras,35500000,47500000,39200000,48000000,77000000,72600000,60200000,53000000,97600000,68300000,73700000,59100000,77800000,60600000,77700000,135000000,102000000,104000000,140000000,180000000,201000000,208000000,284000000,335000000,486000000,506000000,508000000,445000000,484000000,400000000,625000000,437000000,425000000,392000000,331000000,432000000,277000000,356000000,385000000,1000000000,558000000,786000000,504000000,386000000,607000000,692000000,545000000,397000000,432000000,410000000,455000000,325000000,523000000,578000000,561000000,551000000,421000000,442000000,635000000
India,5470000000,4790000000,4680000000,6650000000,8230000000,8510000000,8110000000,8740000000,5810000000,5410000000,4680000000,5360000000,3150000000,3500000000,4970000000,5690000000,5990000000,3170000000,3120000000,3290000000,4830000000,4530000000,3900000000,4380000000,4160000000,3940000000,3870000000,2790000000,3070000000,2750000000,1960000000,3510000000,3030000000,1860000000,2590000000,1820000000,2120000000,1980000000,1970000000,1700000000,1700000000,2270000000,2170000000,693000000,850000000,1930000000,1400000000,1210000000,1790000000,2270000000,2530000000,2800000000,1400000000,2210000000,2710000000,3270000000,2680000000,3200000000,2380000000
Indonesia,774000000,1050000000,1340000000,791000000,527000000,404000000,678000000,1820000000,2310000000,2140000000,2920000000,3390000000,2560000000,2620000000,2560000000,2400000000,2210000000,1540000000,1620000000,1740000000,2090000000,2190000000,2100000000,1720000000,1610000000,1450000000,1370000000,1790000000,2060000000,2400000000,2110000000,2200000000,2130000000,2040000000,1570000000,1180000000,992000000,892000000,1480000000,2240000000,1900000000,1800000000,1670000000,1900000000,222000000,2590000000,1370000000,767000000,1120000000,997000000,1250000000,403000000,166000000,41200000,-416000000,-63600000,-25100000,280000000,875000000
Iran,166000000,836000000,390000000,192000000,51300000,170000000,116000000,285000000,89400000,137000000,152000000,62500000,52400000,-14700000,36800000,5360000,-17400000,113000000,607000000,10300000,61100000,14800000,3210000,114000000,25800000,34600000,53200000,118000000,128000000,148000000,165000000,262000000,150000000,188000000,167000000,185000000,163000000,236000000,200000000,196000000,168000000,157000000,158000000,158000000,205000000,108000000,122000000,96200000,86600000,83700000,102000000,94100000,135000000,116000000,67900000,115000000,121000000,140000000,157000000
Iraq,10300000,5240000,15400000,33300000,78200000,77100000,26700000,24800000,16900000,29000000,50300000,93100000,116000000,61200000,17000000,393000000,69000000,238000000,179000000,65900000,26000000,602000000,9470000,16600000,-1710000,45500000,47700000,114000000,15600000,24200000,94200000,841000000,180000000,232000000,359000000,436000000,441000000,291000000,161000000,113000000,154000000,190000000,165000000,2950000000,5500000000,24900000000,10000000000,9620000000,9520000000,3080000000,2310000000,1900000000,1210000000,1460000000,1290000000,1530000000,2310000000,2910000000,2210000000
Israel,982000000,953000000,887000000,935000000,787000000,966000000,828000000,528000000,445000000,385000000,376000000,401000000,419000000,793000000,456000000,1680000000,2200000000,2560000000,2680000000,3280000000,2220000000,1800000000,1910000000,2870000000,2610000000,3940000000,3760000000,2360000000,2260000000,2090000000,2300000000,2750000000,3250000000,1980000000,1910000000,504000000,3290000000,,,,,,,,,,,,,,,,,,,,,,
Jamaica,,90200000,104000000,22700000,26200000,69400000,67200000,60100000,109000000,86700000,59300000,95800000,84900000,69000000,87300000,71800000,66700000,76800000,329000000,283000000,244000000,318000000,366000000,378000000,366000000,352000000,344000000,297000000,314000000,425000000,403000000,229000000,183000000,161000000,174000000,145000000,73100000,96100000,27300000,-19900000,32900000,96200000,43800000,16200000,98600000,48800000,41600000,27400000,77700000,139000000,130000000,39300000,29400000,64200000,84700000,58300000,27900000,61400000,94200000
Jordan,620000000,638000000,561000000,559000000,509000000,455000000,487000000,347000000,299000000,304000000,479000000,333000000,521000000,904000000,1240000000,1740000000,1950000000,1390000000,1310000000,3540000000,3520000000,2870000000,2120000000,2010000000,1680000000,1460000000,1220000000,1110000000,762000000,544000000,1330000000,1190000000,533000000,418000000,445000000,593000000,583000000,582000000,551000000,568000000,741000000,636000000,781000000,1690000000,740000000,828000000,661000000,673000000,766000000,782000000,985000000,987000000,1160000000,1340000000,2610000000,2200000000,2780000000,2980000000,2430000000
Kazakhstan,,,,,,,,,,,,,,,,,,,,,,,,,,,,,,,,154000000,15700000,22300000,71900000,70000000,156000000,153000000,259000000,203000000,218000000,196000000,255000000,325000000,286000000,236000000,188000000,261000000,330000000,283000000,200000000,179000000,118000000,79000000,79800000,77600000,64300000,59500000,80600000
Kenya,193000000,550000000,411000000,469000000,466000000,539000000,392000000,266000000,436000000,390000000,373000000,404000000,389000000,440000000,483000000,440000000,535000000,505000000,676000000,826000000,861000000,1040000000,1150000000,944000000,1030000000,1060000000,900000000,954000000,1290000000,1670000000,1670000000,1210000000,1130000000,1190000000,837000000,791000000,691000000,567000000,535000000,389000000,679000000,674000000,529000000,636000000,726000000,817000000,1000000000,1320000000,1320000000,1790000000,1630000000,2330000000,2540000000,3100000000,2480000000,2490000000,2220000000,2480000000,2400000000
Kiribati,180000,2320000,2760000,3490000,2300000,3340000,4620000,10600000,10300000,10400000,15000000,15900000,24000000,31400000,26500000,22800000,16900000,23500000,31600000,24000000,39300000,32900000,33500000,38900000,28700000,30400000,27400000,30500000,24400000,27200000,27500000,26800000,32800000,21700000,21500000,19000000,17100000,21300000,25800000,27500000,24900000,21000000,31400000,23100000,18700000,29600000,28900000,28800000,26800000,26900000,22100000,53700000,53800000,56800000,73000000,68100000,63200000,77200000,73500000
Kuwait,,-1220000,-18300000,-7230000,-6110000,-8770000,-9580000,-9550000,80000,2180000,2090000,2880000,2990000,1780000,1500000,1190000,640000,1490000,2270000,2710000,21400000,22100000,14100000,12600000,11700000,10900000,9520000,5260000,7980000,7270000,18100000,16100000,8400000,2540000,5510000,4690000,,,,,,,,,,,,,,,,,,,,,,,
Kyrgyz Republic,,,,,,,,,,,,,,,,,,,,,,,,,,,,,,,,,26900000,142000000,210000000,270000000,239000000,242000000,258000000,252000000,248000000,178000000,220000000,209000000,230000000,252000000,276000000,240000000,291000000,262000000,340000000,385000000,411000000,459000000,537000000,819000000,565000000,465000000,417000000
Lao,217000000,333000000,202000000,243000000,294000000,429000000,433000000,451000000,362000000,379000000,374000000,366000000,319000000,321000000,234000000,129000000,93600000,90900000,178000000,119000000,94000000,92000000,92700000,75300000,81300000,84500000,79500000,87900000,105000000,163000000,145000000,145000000,183000000,200000000,228000000,256000000,285000000,299000000,268000000,289000000,286000000,282000000,309000000,296000000,249000000,260000000,325000000,341000000,428000000,358000000,358000000,323000000,361000000,384000000,437000000,490000000,407000000,480000000,545000000
Lebanon,92600000,88400000,64200000,55900000,24500000,60300000,57400000,58300000,126000000,57600000,115000000,33500000,74400000,54700000,559000000,52000000,138000000,430000000,644000000,303000000,660000000,1060000000,453000000,304000000,184000000,198000000,126000000,177000000,237000000,199000000,410000000,175000000,145000000,193000000,301000000,223000000,288000000,344000000,456000000,262000000,293000000,287000000,283000000,648000000,296000000,253000000,862000000,957000000,981000000,557000000,423000000,432000000,698000000,561000000,741000000,969000000,1150000000,1300000000,1350000000
Lesotho,14300000,37000000,50800000,47900000,46700000,73600000,91200000,98300000,99900000,91700000,55900000,94600000,73100000,65400000,86300000,104000000,96900000,117000000,143000000,162000000,207000000,240000000,218000000,253000000,239000000,224000000,172000000,183000000,182000000,221000000,200000000,172000000,190000000,201000000,156000000,138000000,124000000,120000000,80600000,42100000,55200000,79700000,106000000,93400000,103000000,70800000,71900000,126000000,131000000,117000000,250000000,245000000,274000000,316000000,102000000,88400000,114000000,146000000,147000000
Liberia,66700000,205000000,661000000,287000000,108000000,240000000,247000000,157000000,93500000,91500000,67800000,62800000,60100000,45000000,58300000,71200000,90400000,101000000,129000000,196000000,223000000,252000000,247000000,267000000,291000000,199000000,187000000,134000000,105000000,96500000,166000000,229000000,159000000,169000000,88800000,149000000,206000000,102000000,100000000,129000000,95200000,56000000,76800000,133000000,251000000,251000000,283000000,1110000000,1190000000,492000000,1330000000,692000000,536000000,500000000,697000000,1120000000,835000000,631000000,552000000
Libya,304000000,276000000,235000000,186000000,140000000,58500000,14600000,20000000,45700000,51400000,28600000,19400000,40000000,67100000,57600000,5680000,32600000,25900000,17500000,9190000,29100000,10700000,252000000,12900000,12000000,13800000,23300000,10400000,8760000,16100000,11400000,10100000,4190000,3810000,5080000,6590000,4370000,5130000,7280000,6250000,,,,,,24900000,42800000,19000000,68200000,36900000,7740000,611000000,83800000,115000000,186000000,158000000,183000000,432000000,293000000
Madagascar,27100000,14200000,43100000,72400000,362000000,379000000,344000000,303000000,328000000,295000000,305000000,281000000,295000000,235000000,261000000,295000000,217000000,196000000,256000000,328000000,501000000,544000000,578000000,449000000,393000000,468000000,612000000,564000000,466000000,568000000,568000000,620000000,471000000,474000000,365000000,348000000,418000000,1110000000,644000000,470000000,449000000,543000000,523000000,661000000,1370000000,986000000,825000000,872000000,783000000,414000000,460000000,405000000,342000000,456000000,535000000,693000000,637000000,779000000,662000000
Malawi,38400000,73600000,100000000,140000000,264000000,259000000,233000000,217000000,334000000,198000000,237000000,186000000,195000000,145000000,179000000,230000000,224000000,260000000,279000000,343000000,309000000,312000000,285000000,273000000,450000000,282000000,382000000,455000000,588000000,671000000,709000000,762000000,758000000,666000000,573000000,514000000,584000000,442000000,566000000,582000000,604000000,592000000,521000000,618000000,548000000,607000000,731000000,725000000,840000000,744000000,960000000,727000000,1080000000,1030000000,850000000,1060000000,1260000000,1520000000,1220000000
Malaysia,119000000,162000000,162000000,91900000,132000000,169000000,215000000,170000000,195000000,223000000,175000000,260000000,275000000,203000000,274000000,362000000,223000000,225000000,195000000,287000000,290000000,327000000,310000000,407000000,714000000,535000000,398000000,522000000,169000000,191000000,582000000,342000000,222000000,163000000,96400000,112000000,-377000000,-217000000,216000000,144000000,61100000,39400000,110000000,117000000,282000000,32000000,243000000,214000000,143000000,125000000,5860000,40600000,18100000,-102000000,16700000,-4340000,-47900000,-29300000,-39600000
Maldives,260000,2300000,4100000,2500000,2270000,900000,13600000,2680000,2010000,1120000,1560000,5300000,3580000,2830000,2520000,11800000,10900000,11700000,20500000,15100000,46800000,28500000,12400000,23200000,12000000,19900000,30700000,25100000,32500000,39500000,21000000,35300000,38100000,34200000,31200000,55600000,29900000,28200000,30300000,33800000,23000000,29600000,28000000,19900000,29200000,75900000,36200000,32500000,49000000,25900000,77700000,43400000,50300000,18900000,20400000,25000000,22900000,43300000,114000000
Mali,640000,16900000,83400000,59800000,134000000,162000000,180000000,119000000,194000000,149000000,138000000,171000000,197000000,329000000,478000000,510000000,296000000,346000000,422000000,452000000,592000000,537000000,506000000,529000000,843000000,960000000,762000000,625000000,711000000,733000000,692000000,639000000,574000000,515000000,581000000,626000000,580000000,567000000,463000000,479000000,425000000,522000000,596000000,682000000,655000000,788000000,915000000,974000000,876000000,937000000,1050000000,1160000000,956000000,1270000000,1120000000,1230000000,1240000000,1360000000,1430000000
Malta,114000000,87300000,76000000,147000000,162000000,128000000,129000000,117000000,134000000,117000000,132000000,95300000,77800000,134000000,93800000,125000000,112000000,104000000,111000000,127000000,37400000,143000000,71600000,122000000,31000000,47300000,13900000,-2250000,-4400000,-8360000,7720000,30700000,5700000,46700000,65100000,13700000,94800000,32100000,31100000,36400000,34900000,2810000,16400000,,,,,,,,,,,,,,,,
Marshall Islands,,,,,,,,,,,,,,,,,,,,,,,,,,,,,,,,390000,5650000,43600000,68800000,45400000,94600000,74100000,57200000,79000000,64500000,90800000,73400000,67300000,61600000,66600000,65800000,61300000,59500000,66500000,23300000,89800000,84900000,95500000,57100000,59200000,12700000,72500000,52600000
Mauritania,330000,9870000,20700000,15000000,90500000,67500000,148000000,86300000,151000000,78900000,47300000,83600000,68700000,137000000,398000000,297000000,705000000,561000000,662000000,422000000,388000000,519000000,447000000,430000000,428000000,508000000,454000000,332000000,295000000,412000000,336000000,299000000,256000000,430000000,331000000,248000000,317000000,303000000,215000000,289000000,313000000,416000000,515000000,312000000,213000000,204000000,226000000,332000000,416000000,350000000,350000000,335000000,377000000,267000000,236000000,336000000,313000000,291000000,428000000
Mauritius,4760000,49000000,36700000,49100000,17400000,16500000,32000000,37400000,76900000,39600000,38600000,54000000,54200000,63600000,106000000,100000000,58700000,71700000,120000000,75800000,71100000,130000000,116000000,99900000,85800000,67100000,105000000,105000000,90800000,92500000,121000000,91000000,60000000,36400000,21300000,28300000,26100000,56200000,53000000,57200000,30500000,31100000,34900000,-17300000,35400000,35200000,19500000,63100000,92900000,138000000,114000000,160000000,162000000,128000000,37600000,80500000,43500000,11600000,63300000
Mexico,66800000,551000000,264000000,54800000,-95900000,315000000,220000000,252000000,174000000,128000000,194000000,106000000,114000000,59400000,90900000,77100000,70300000,55000000,42100000,158000000,143000000,251000000,340000000,341000000,219000000,344000000,485000000,294000000,275000000,179000000,251000000,389000000,416000000,596000000,523000000,358000000,301000000,135000000,59300000,74100000,-11300000,147000000,186000000,144000000,156000000,238000000,281000000,123000000,158000000,205000000,464000000,928000000,418000000,536000000,752000000,322000000,832000000,755000000,518000000
"Micronesia, Fed. Sts.",,,,,,,,,,,,,,,,,,,,,,,,,,,,,,,,630000,14200000,86900000,145000000,96400000,161000000,116000000,103000000,142000000,130000000,181000000,146000000,145000000,107000000,127000000,127000000,129000000,102000000,134000000,65800000,132000000,150000000,147000000,120000000,84400000,51400000,98000000,96300000
Moldova,,,,,,,,,,,,,,,,,,,,,,,,,,,,,,,,,,,,,,87100000,54500000,145000000,174000000,169000000,197000000,149000000,138000000,187000000,239000000,260000000,273000000,232000000,448000000,410000000,442000000,324000000,479000000,322000000,269000000,242000000,223000000
Mongolia,,,,,,,,,,,,,,,,,11500000,10600000,9290000,8200000,5350000,5490000,5620000,4690000,5210000,12400000,12700000,7700000,5750000,9040000,18000000,81300000,117000000,117000000,170000000,136000000,166000000,214000000,202000000,198000000,210000000,235000000,233000000,247000000,236000000,206000000,191000000,209000000,221000000,300000000,276000000,302000000,410000000,405000000,295000000,246000000,324000000,764000000,321000000
Montenegro,,,,,,,,,,,,,,,,,,,,,,,,,,,,,,,,,,,,,,,,,,,,9870000,22500000,4200000,103000000,101000000,93600000,70900000,73400000,111000000,95300000,103000000,88100000,103000000,87500000,118000000,146000000
Morocco,388000000,739000000,554000000,650000000,690000000,720000000,627000000,414000000,599000000,499000000,497000000,716000000,497000000,404000000,454000000,902000000,841000000,1870000000,1140000000,1260000000,2550000000,2390000000,2000000000,1080000000,830000000,2090000000,839000000,717000000,773000000,808000000,1740000000,2110000000,1210000000,1060000000,879000000,589000000,759000000,616000000,702000000,908000000,617000000,721000000,517000000,689000000,833000000,782000000,1130000000,1140000000,1290000000,921000000,899000000,1270000000,1360000000,1830000000,1990000000,1560000000,2110000000,2420000000,771000000
Mozambique,150000,40600000,660000,1600000,-460000,,65800000,173000000,140000,410000,760000,1090000,1080000,720000,3080000,65700000,227000000,241000000,286000000,344000000,358000000,328000000,503000000,533000000,678000000,761000000,865000000,1180000000,1520000000,1330000000,1440000000,1520000000,1950000000,1700000000,1660000000,1310000000,1120000000,1290000000,1430000000,1120000000,1340000000,1420000000,3180000000,1290000000,1390000000,1390000000,1710000000,1700000000,1810000000,1910000000,1850000000,1870000000,1930000000,2150000000,1930000000,1850000000,1560000000,1810000000,1760000000
Myanmar,365000000,212000000,301000000,397000000,198000000,149000000,140000000,102000000,123000000,204000000,153000000,259000000,241000000,306000000,259000000,196000000,222000000,285000000,527000000,779000000,643000000,567000000,662000000,655000000,566000000,730000000,618000000,462000000,511000000,207000000,207000000,216000000,127000000,107000000,163000000,139000000,48400000,75000000,100000000,96500000,123000000,154000000,151000000,145000000,136000000,156000000,153000000,191000000,495000000,336000000,328000000,324000000,437000000,3530000000,1250000000,1190000000,1540000000,1540000000,1640000000
Namibia,,,,,,,,,,,,,90000,,,,,,,,,,,30000,,14000000,30300000,27900000,34300000,96300000,176000000,257000000,187000000,212000000,185000000,219000000,229000000,224000000,248000000,244000000,231000000,169000000,196000000,185000000,200000000,127000000,165000000,222000000,200000000,319000000,263000000,267000000,257000000,260000000,224000000,147000000,175000000,187000000,144000000
Nauru,,,,,,,,,,,,,,,,40000,,40000,,50000,80000,60000,50000,70000,70000,150000,110000,140000,350000,90000,290000,650000,640000,680000,15700000,4030000,4910000,4280000,4130000,8160000,5620000,16600000,24800000,27800000,20100000,12000000,22800000,28700000,33000000,25800000,25700000,29500000,28500000,24200000,20100000,33200000,23700000,25800000,31600000
Nepal,57000000,70600000,58900000,108000000,126000000,115000000,101000000,88500000,67700000,69600000,127000000,127000000,147000000,148000000,123000000,147000000,153000000,233000000,193000000,307000000,336000000,375000000,418000000,414000000,379000000,443000000,492000000,525000000,562000000,640000000,500000000,481000000,486000000,373000000,458000000,406000000,384000000,393000000,405000000,375000000,402000000,484000000,440000000,541000000,467000000,434000000,473000000,536000000,568000000,679000000,722000000,662000000,697000000,793000000,791000000,1230000000,1080000000,1270000000,1390000000
Nicaragua,54400000,60700000,47800000,49500000,59400000,58200000,75900000,66200000,63500000,86400000,114000000,73400000,53100000,119000000,119000000,96900000,90500000,75500000,85400000,204000000,429000000,232000000,239000000,240000000,280000000,271000000,304000000,256000000,365000000,399000000,501000000,1190000000,824000000,441000000,732000000,661000000,1020000000,471000000,691000000,804000000,699000000,1270000000,587000000,904000000,1220000000,719000000,662000000,707000000,612000000,627000000,478000000,472000000,485000000,444000000,392000000,468000000,442000000,563000000,338000000
Niger,380000,17700000,37300000,35300000,109000000,105000000,156000000,153000000,201000000,212000000,195000000,232000000,223000000,325000000,556000000,475000000,442000000,301000000,423000000,404000000,352000000,448000000,615000000,429000000,405000000,725000000,615000000,607000000,588000000,496000000,550000000,516000000,467000000,456000000,471000000,325000000,303000000,438000000,389000000,251000000,299000000,387000000,417000000,582000000,600000000,566000000,571000000,560000000,559000000,439000000,705000000,583000000,828000000,724000000,832000000,890000000,974000000,1220000000,1140000000
Nigeria,293000000,259000000,238000000,141000000,321000000,555000000,481000000,494000000,488000000,559000000,659000000,571000000,412000000,344000000,282000000,291000000,173000000,131000000,108000000,62000000,72500000,93600000,82800000,108000000,82700000,79800000,110000000,107000000,161000000,471000000,348000000,348000000,329000000,400000000,254000000,240000000,231000000,259000000,269000000,196000000,235000000,235000000,404000000,379000000,636000000,6430000000,11300000000,1870000000,1260000000,1620000000,2020000000,1690000000,1810000000,2360000000,2280000000,2430000000,2530000000,3360000000,3170000000
North Korea,,,,,,,,,,,,,,,,,,,137000000,,,,,,,13100000,10700000,27100000,14300000,13300000,11100000,12000000,13700000,18500000,7250000,15600000,32500000,126000000,148000000,285000000,116000000,188000000,371000000,167000000,190000000,98300000,59900000,104000000,221000000,65400000,75800000,102000000,85100000,91300000,129000000,141000000,133000000,133000000,117000000
North Macedonia,,,,,,,,,,,,,,,,,,,,,,,,,,,,,,,,,,4700000,140000000,89200000,126000000,126000000,137000000,370000000,372000000,369000000,392000000,330000000,300000000,249000000,214000000,196000000,185000000,181000000,175000000,170000000,136000000,177000000,188000000,216000000,171000000,150000000,164000000
Oman,2310000,2950000,3790000,3070000,33500000,14100000,4590000,6880000,400000,300000,480000,11400000,49600000,99800000,678000000,493000000,579000000,1140000000,166000000,588000000,489000000,576000000,319000000,166000000,253000000,180000000,202000000,78500000,9170000,37800000,97500000,17800000,53800000,176000000,213000000,82600000,97900000,129000000,734000000,65600000,102000000,7140000,105000000,77400000,110000000,20000000,54500000,211000000,69900000,140000000,-20500000,,,,,,,,
Pakistan,1660000000,1680000000,2540000000,3320000000,3450000000,3370000000,2470000000,3060000000,2440000000,1990000000,2400000000,2330000000,1540000000,1270000000,1850000000,2610000000,3460000000,1860000000,1740000000,1680000000,2570000000,1820000000,2010000000,1530000000,1470000000,1550000000,1540000000,1110000000,1800000000,1870000000,1290000000,1580000000,1080000000,1050000000,1390000000,466000000,715000000,849000000,948000000,752000000,637000000,2420000000,2570000000,1200000000,1450000000,1620000000,2190000000,1980000000,1000000000,2510000000,2900000000,3430000000,1880000000,2040000000,3340000000,3760000000,2980000000,2360000000,1310000000
Palau,,,,,,,,,,,,,,,,,,,,,,,,,,,,,,,,,10000,10000,304000000,206000000,90300000,48800000,124000000,34800000,41900000,41700000,37300000,30400000,23700000,26600000,43000000,24900000,44800000,37600000,28700000,24900000,12000000,33900000,23300000,14500000,17600000,22100000,82700000
Palestine,,,,,,,,,,,,,,,,,,,,,,,,,,,,,,,,,,251000000,645000000,626000000,698000000,823000000,839000000,775000000,956000000,1460000000,1380000000,1290000000,1330000000,1120000000,1440000000,1660000000,2290000000,2770000000,2450000000,2240000000,1840000000,2460000000,2270000000,1910000000,2450000000,2150000000,2150000000
Panama,86600000,65200000,74200000,118000000,68600000,234000000,118000000,98400000,72200000,88600000,80600000,94800000,59700000,96900000,63300000,80100000,101000000,77700000,61300000,53000000,58600000,54900000,63400000,70500000,133000000,101000000,66500000,64700000,36500000,32000000,166000000,177000000,274000000,111000000,42200000,50600000,56000000,55900000,41500000,33200000,41200000,52800000,40700000,43600000,34500000,31300000,44800000,-90300000,34600000,61200000,108000000,89900000,47000000,9800000,-170000000,9380000,23500000,41800000,36500000
Papua New Guinea,80000,80000,,70000,,774000000,777000000,864000000,936000000,954000000,1140000000,1020000000,1220000000,910000000,1030000000,1150000000,848000000,906000000,934000000,839000000,840000000,777000000,760000000,831000000,785000000,737000000,705000000,722000000,696000000,595000000,641000000,588000000,698000000,533000000,524000000,561000000,546000000,534000000,656000000,377000000,509000000,432000000,422000000,384000000,384000000,359000000,357000000,366000000,338000000,446000000,476000000,493000000,550000000,562000000,519000000,624000000,556000000,533000000,777000000
Paraguay,84400000,69200000,18900000,55400000,53100000,61500000,59500000,79000000,60900000,80400000,78400000,83800000,75900000,64600000,90000000,59100000,76200000,96800000,74800000,57900000,66200000,96600000,167000000,100000000,95600000,77600000,87700000,82500000,81000000,117000000,76100000,165000000,77200000,105000000,83100000,109000000,72900000,97600000,77200000,88300000,89100000,87400000,84200000,76500000,41800000,66400000,73400000,121000000,131000000,149000000,112000000,80600000,105000000,121000000,58500000,61300000,91300000,143000000,155000000
Peru,-64900000,-107000000,46100000,60900000,132000000,402000000,283000000,292000000,206000000,198000000,260000000,212000000,197000000,357000000,269000000,233000000,254000000,284000000,356000000,451000000,413000000,477000000,378000000,578000000,629000000,690000000,528000000,509000000,459000000,508000000,577000000,836000000,539000000,743000000,457000000,464000000,403000000,540000000,656000000,555000000,490000000,599000000,638000000,619000000,545000000,521000000,505000000,361000000,442000000,429000000,-165000000,528000000,372000000,341000000,308000000,341000000,332000000,-5220000,422000000
Philippines,506000000,169000000,228000000,195000000,542000000,696000000,372000000,689000000,459000000,554000000,282000000,407000000,856000000,962000000,603000000,648000000,631000000,569000000,661000000,648000000,654000000,810000000,761000000,927000000,829000000,988000000,1530000000,1070000000,1030000000,1100000000,1550000000,1250000000,1900000000,1610000000,1080000000,903000000,928000000,739000000,742000000,743000000,658000000,701000000,687000000,783000000,507000000,624000000,642000000,651000000,88000000,369000000,573000000,-17900000,73000000,178000000,625000000,537000000,306000000,160000000,524000000
Qatar,,,,-140000,,,70000,70000,,250000,370000,560000,1010000,1330000,2040000,2710000,4210000,2590000,340000,380000,1120000,1870000,2000000,2510000,3320000,4470000,4160000,4290000,2650000,6840000,4020000,3780000,3580000,4860000,3730000,3940000,,,,,,,,,,,,,,,,,,,,,,,
Rwanda,71600000,67800000,97600000,61400000,63400000,66100000,93300000,103000000,119000000,127000000,146000000,157000000,165000000,182000000,191000000,317000000,267000000,292000000,334000000,346000000,337000000,372000000,381000000,373000000,426000000,461000000,418000000,415000000,405000000,373000000,418000000,515000000,461000000,487000000,989000000,859000000,586000000,319000000,475000000,502000000,460000000,447000000,499000000,410000000,542000000,612000000,627000000,751000000,866000000,898000000,993000000,1160000000,827000000,1000000000,949000000,1090000000,1170000000,1230000000,1070000000
Samoa,,230000,660000,1220000,1470000,1570000,2960000,5040000,6480000,3450000,6000000,6350000,13900000,15100000,24300000,50400000,39500000,64000000,49200000,69700000,51900000,53100000,54500000,61100000,46200000,50600000,45800000,62000000,47100000,45900000,56700000,63000000,72300000,68200000,55000000,48100000,41100000,39500000,49300000,37900000,47000000,65000000,58300000,45000000,39700000,49600000,56100000,42000000,41000000,69600000,116000000,74100000,99100000,101000000,85400000,98400000,91300000,131000000,113000000
Sao Tome and Principe,850000,11400000,,,,,10600000,3650000,1350000,,,,,,,2950000,39700000,9530000,10800000,6910000,8430000,14000000,23800000,30200000,30000000,31500000,22700000,29200000,38900000,80600000,83900000,73800000,76200000,63000000,65800000,107000000,58900000,46200000,38800000,39500000,53300000,59900000,38400000,45800000,37100000,35000000,23900000,48600000,42300000,27400000,46000000,64600000,46600000,48500000,37300000,50700000,48100000,40200000,42300000
Saudi Arabia,52000000,-2660000,-65200000,-16300000,-2920000,2590000,2350000,3210000,3370000,8690000,8830000,10800000,11400000,12100000,14400000,10800000,6170000,20700000,16000000,24400000,27500000,58000000,108000000,93300000,79000000,63800000,52200000,34400000,26400000,20100000,18800000,17100000,51500000,31400000,17300000,15900000,13400000,3440000,19000000,23500000,23700000,16000000,20300000,15600000,21600000,24600000,23600000,-139000000,,,,,,,,,,,
Senegal,1030000,2090000,107000000,92000000,422000000,349000000,312000000,324000000,328000000,354000000,265000000,313000000,245000000,363000000,562000000,475000000,399000000,374000000,586000000,749000000,561000000,925000000,692000000,784000000,900000000,717000000,1170000000,1140000000,959000000,1130000000,1140000000,864000000,845000000,664000000,802000000,738000000,685000000,558000000,662000000,713000000,617000000,623000000,621000000,556000000,1160000000,752000000,904000000,826000000,967000000,949000000,883000000,937000000,992000000,921000000,1030000000,892000000,749000000,907000000,950000000
Serbia,,,,,,,,,,,,,,,,,,,,,,,,,,,,,,,,,,,67800000,113000000,79600000,129000000,152000000,1080000000,1770000000,2030000000,2850000000,1620000000,1320000000,1160000000,1660000000,822000000,880000000,573000000,623000000,1200000000,1010000000,687000000,324000000,323000000,651000000,1690000000,1020000000
Seychelles,10100000,8930000,4210000,5440000,7740000,12000000,6820000,16300000,19700000,9690000,27700000,48300000,49500000,42500000,40800000,30000000,31300000,40600000,47700000,59400000,43400000,36300000,41600000,36500000,37500000,59300000,58300000,41800000,32500000,32800000,52500000,31400000,26700000,27400000,17600000,13500000,23300000,22600000,32900000,17300000,33300000,18000000,79900000,11100000,11400000,18400000,14200000,6080000,6580000,19900000,49000000,19700000,31600000,24500000,10800000,6890000,5800000,16200000,
Sierra Leone,61600000,131000000,61000000,76300000,74100000,115000000,69400000,47800000,74600000,55600000,38400000,57400000,51500000,61800000,40500000,58200000,45200000,83600000,108000000,127000000,198000000,141000000,201000000,162000000,143000000,158000000,183000000,115000000,164000000,160000000,83000000,143000000,175000000,293000000,352000000,250000000,225000000,158000000,143000000,101000000,248000000,489000000,528000000,407000000,409000000,358000000,385000000,513000000,339000000,414000000,431000000,376000000,401000000,405000000,794000000,921000000,698000000,541000000,483000000
Singapore,-2340000,-240000,8410000,4890000,3990000,18200000,17900000,54500000,35400000,114000000,197000000,194000000,166000000,126000000,83100000,43000000,37700000,36100000,15500000,12400000,30500000,48700000,49300000,34900000,90400000,59900000,54500000,37600000,31800000,152000000,2230000,10100000,23200000,24600000,15800000,14400000,,,,,,,,,,,,,,,,,,,,,,,
Slovenia,,,,,,,,,,,,,,,,,,,,,,,,,,,,,,,,,,10100000,42900000,62100000,97200000,131000000,53000000,45100000,96200000,200000000,78100000,,,,,,,,,,,,,,,,
Solomon Islands,17000000,17900000,19800000,25000000,23900000,32400000,38700000,42900000,52600000,56400000,56600000,44100000,71200000,61500000,57200000,88800000,82000000,63400000,82100000,62000000,88700000,59900000,60800000,63500000,47500000,49900000,65400000,98300000,82500000,71800000,63000000,52500000,63700000,68900000,61400000,57000000,51000000,52800000,44200000,58700000,117000000,114000000,55000000,119000000,176000000,253000000,254000000,268000000,242000000,236000000,309000000,262000000,248000000,248000000,179000000,202000000,184000000,187000000,193000000
Somalia,219000000,236000000,209000000,274000000,180000000,232000000,357000000,103000000,237000000,229000000,176000000,188000000,163000000,246000000,337000000,593000000,365000000,754000000,728000000,673000000,1100000000,917000000,1160000000,839000000,907000000,870000000,1020000000,1020000000,705000000,687000000,740000000,253000000,951000000,1340000000,792000000,245000000,110000000,113000000,114000000,165000000,158000000,230000000,221000000,223000000,229000000,263000000,416000000,378000000,729000000,645000000,476000000,948000000,899000000,945000000,984000000,1230000000,1200000000,1760000000,1510000000
South Africa,,,,,,,,,,,,,,,,,,,,,,,,,,,,,,,,,,398000000,420000000,510000000,467000000,671000000,700000000,745000000,723000000,646000000,725000000,774000000,693000000,736000000,770000000,800000000,1070000000,1100000000,1060000000,1340000000,1070000000,1230000000,1040000000,1460000000,1210000000,1010000000,886000000
South Korea,1640000000,1480000000,1500000000,1690000000,1100000000,1520000000,1500000000,1670000000,1440000000,2050000000,1570000000,1800000000,1790000000,1220000000,979000000,888000000,736000000,723000000,421000000,315000000,305000000,679000000,84000000,28300000,-57500000,-5150000,-25500000,10900000,2690000,61100000,52300000,55800000,-22500000,-50600000,-112000000,22900000,-151000000,-165000000,-58000000,-55500000,,,,,,,,,,,,,,,,,,,
South Sudan,,,,,,,,,,,,,,,,,,,,,,,,,,,,,,,,,,,,,,,,,,,,,,,,,,,,379000000,1110000000,1290000000,1830000000,1680000000,1610000000,2180000000,1520000000
Sri Lanka,76400000,75000000,92900000,83300000,65200000,110000000,224000000,325000000,352000000,326000000,306000000,311000000,279000000,242000000,298000000,502000000,542000000,542000000,795000000,738000000,833000000,820000000,914000000,1030000000,1020000000,1040000000,951000000,694000000,827000000,796000000,859000000,964000000,660000000,696000000,582000000,458000000,378000000,293000000,383000000,199000000,242000000,319000000,318000000,606000000,427000000,1100000000,719000000,494000000,587000000,580000000,511000000,518000000,417000000,369000000,454000000,453000000,383000000,314000000,-246000000
St. Kitts and Nevis,,,,,,,,,,,,,,40000,16900000,6150000,10100000,7280000,6220000,4470000,13600000,8350000,7070000,6620000,8660000,10500000,11400000,13300000,23400000,22400000,12100000,10200000,10300000,14500000,8070000,4350000,8070000,9340000,8690000,6120000,5520000,14400000,36600000,60000,-260000,2720000,5150000,3130000,40200000,2810000,10400000,13300000,19800000,27100000,,,,,
St. Lucia,,,,,,,,,,,,,,400000,31800000,33500000,27300000,14000000,10600000,5350000,19100000,26600000,19200000,15900000,13500000,16800000,23300000,19200000,28500000,28100000,17300000,31900000,35000000,33100000,42000000,58300000,45500000,32300000,8700000,30600000,11900000,25200000,43800000,18100000,-18600000,11400000,19600000,18700000,14600000,35700000,38200000,30600000,24500000,22800000,17600000,14200000,15400000,15400000,8150000
St. Vincent and the Grenadines,,,,,,,,,,,,,,530000,16600000,22900000,16800000,13600000,13700000,14200000,21600000,20800000,17800000,12800000,9570000,13100000,25300000,23600000,26900000,23300000,22000000,21800000,23800000,18100000,14700000,54700000,30700000,6110000,26800000,20000000,7510000,12100000,6110000,7300000,10500000,8120000,4910000,61600000,23300000,26300000,15600000,15300000,7540000,7680000,8890000,14100000,9250000,11700000,16700000
Sudan,218000000,87000000,57700000,110000000,143000000,223000000,257000000,105000000,232000000,59600000,50800000,54600000,325000000,168000000,833000000,1030000000,905000000,956000000,1020000000,1670000000,1490000000,1470000000,1770000000,2280000000,1490000000,2670000000,1880000000,1520000000,1490000000,1210000000,1240000000,1210000000,702000000,614000000,537000000,282000000,268000000,191000000,294000000,346000000,328000000,291000000,427000000,770000000,1150000000,2060000000,2210000000,2120000000,2480000000,2370000000,1990000000,1640000000,1290000000,1460000000,813000000,978000000,821000000,861000000,929000000
Suriname,116000000,128000000,106000000,153000000,121000000,153000000,28700000,30100000,148000000,139000000,189000000,182000000,201000000,139000000,195000000,182000000,341000000,259000000,158000000,202000000,166000000,231000000,246000000,10800000,15100000,24900000,27500000,32600000,36200000,90300000,91600000,62700000,110000000,111000000,82900000,92600000,134000000,103000000,77400000,47800000,47600000,36300000,17800000,13500000,26600000,45100000,64400000,134000000,84600000,135000000,91400000,65400000,37000000,27100000,11700000,16400000,17000000,20100000,12400000
Syria,126000000,111000000,188000000,25200000,32300000,24900000,139000000,41000000,35700000,70800000,136000000,123000000,279000000,1880000000,3080000000,2920000000,2700000000,3240000000,2520000000,4980000000,4260000000,4150000000,2710000000,2090000000,1550000000,1460000000,1420000000,1320000000,248000000,183000000,1260000000,702000000,252000000,309000000,792000000,360000000,246000000,234000000,191000000,247000000,192000000,243000000,83000000,145000000,120000000,80600000,20200000,73900000,140000000,195000000,128000000,278000000,1350000000,3080000000,3530000000,4650000000,8490000000,10400000000,10800000000
Tajikistan,,,,,,,,,,,,,,,,,,,,,,,,,,,,,,,,,18400000,39200000,93200000,82800000,131000000,116000000,217000000,153000000,158000000,236000000,205000000,169000000,265000000,253000000,224000000,197000000,225000000,286000000,369000000,251000000,359000000,356000000,324000000,440000000,367000000,328000000,383000000
Tanzania,94400000,337000000,385000000,258000000,367000000,286000000,247000000,286000000,280000000,243000000,319000000,356000000,309000000,426000000,623000000,1010000000,871000000,1030000000,1130000000,1370000000,1460000000,1620000000,1640000000,1470000000,1440000000,1260000000,1380000000,1580000000,1600000000,1470000000,1660000000,1480000000,1750000000,1310000000,1270000000,1010000000,1040000000,1250000000,1310000000,1330000000,1410000000,1740000000,1780000000,2050000000,1930000000,1580000000,1950000000,2740000000,2130000000,3010000000,2840000000,2230000000,2630000000,3190000000,2440000000,2600000000,2350000000,2590000000,2370000000
Thailand,287000000,193000000,260000000,248000000,236000000,369000000,322000000,399000000,408000000,428000000,453000000,348000000,277000000,269000000,287000000,309000000,575000000,406000000,652000000,898000000,913000000,883000000,891000000,937000000,1020000000,1020000000,788000000,672000000,686000000,896000000,1040000000,889000000,854000000,646000000,585000000,720000000,784000000,662000000,772000000,991000000,657000000,330000000,343000000,-884000000,75100000,-129000000,-203000000,-316000000,-549000000,-5110000,12000000,-90600000,-69400000,34500000,335000000,54800000,226000000,250000000,-420000000
Timor-Leste,,18500000,,,,,,3060000,,,,,,,40000,890000,1610000,,30000,1040000,880000,590000,540000,1050000,,,590000,,30000,,150000,1240000,190000,620000,310000,20000,110000,650000,2410000,266000000,394000000,334000000,346000000,231000000,194000000,208000000,232000000,283000000,262000000,214000000,270000000,237000000,247000000,228000000,228000000,222000000,230000000,232000000,199000000
Togo,940000,25200000,35600000,54000000,119000000,103000000,93900000,105000000,132000000,118000000,108000000,110000000,112000000,115000000,158000000,145000000,152000000,199000000,270000000,261000000,195000000,146000000,184000000,274000000,282000000,276000000,331000000,205000000,323000000,317000000,362000000,274000000,290000000,127000000,160000000,222000000,175000000,153000000,166000000,91800000,98700000,68300000,73100000,61000000,72100000,88300000,82700000,116000000,290000000,477000000,370000000,478000000,222000000,205000000,190000000,205000000,172000000,344000000,283000000
Tonga,80000,150000,520000,360000,420000,3550000,4240000,8760000,11000000,4420000,9380000,4540000,6950000,6970000,13200000,14700000,18200000,25800000,27700000,57800000,37500000,41400000,43800000,45200000,39200000,37300000,32400000,40300000,30700000,38900000,42400000,28000000,35500000,41500000,41600000,39700000,37800000,36500000,33100000,30500000,26400000,32600000,31500000,31300000,26300000,37800000,27800000,35900000,27300000,39200000,60800000,74200000,66700000,71900000,73300000,71900000,85100000,86900000,86700000
Trinidad and Tobago,,720000,4660000,77900000,81800000,97100000,57400000,34100000,27200000,46500000,33100000,23100000,15600000,9740000,13600000,15600000,13700000,6520000,9100000,8350000,8170000,-4370000,11500000,14500000,13000000,19900000,39300000,57400000,10400000,7800000,24400000,-2730000,8330000,2130000,26800000,29000000,18400000,44500000,19600000,36700000,-4310000,-11000000,-15100000,-4170000,-1470000,-2520000,12700000,19000000,8090000,6340000,4250000,,,,,,,,
Tunisia,338000000,633000000,472000000,618000000,466000000,612000000,543000000,612000000,438000000,717000000,654000000,582000000,551000000,583000000,692000000,725000000,735000000,742000000,824000000,472000000,501000000,568000000,498000000,508000000,451000000,421000000,441000000,484000000,505000000,449000000,549000000,481000000,492000000,333000000,142000000,88500000,151000000,255000000,191000000,338000000,302000000,535000000,295000000,342000000,346000000,375000000,441000000,298000000,327000000,429000000,496000000,791000000,957000000,631000000,796000000,516000000,669000000,812000000,766000000
Turkey,1030000000,1320000000,1520000000,1540000000,1070000000,1280000000,1360000000,1330000000,1190000000,1110000000,1000000000,1090000000,1110000000,363000000,185000000,195000000,494000000,304000000,422000000,1390000000,2130000000,1710000000,1490000000,827000000,561000000,445000000,658000000,546000000,368000000,204000000,1740000000,2160000000,427000000,618000000,229000000,379000000,266000000,5100000,40900000,40300000,424000000,263000000,393000000,201000000,312000000,428000000,577000000,733000000,964000000,1180000000,895000000,2850000000,2880000000,2530000000,3040000000,2210000000,3720000000,3150000000,1120000000
Turkmenistan,,,,,,,,,,,,,,,,,,,,,,,,,,,,,,,,,9920000,46100000,38500000,41300000,31500000,27100000,35500000,34200000,48700000,99800000,57200000,34500000,59900000,30600000,41100000,23900000,13200000,38500000,39200000,36500000,34200000,30900000,30700000,23000000,32500000,28100000,17200000
Tuvalu,,,,,,,,,,,,,,,,180000,12600000,9230000,8940000,11200000,10900000,11700000,14300000,10400000,14200000,9050000,10700000,54000000,22500000,10600000,8270000,8390000,11800000,7530000,9980000,11100000,12900000,11800000,9150000,6930000,7560000,12200000,15800000,8610000,10200000,10800000,15900000,11500000,16400000,15500000,12600000,29900000,21000000,24400000,31300000,52500000,25300000,26500000,18600000
Uganda,189000000,189000000,240000000,163000000,178000000,148000000,176000000,154000000,162000000,188000000,211000000,184000000,217000000,98700000,68100000,182000000,72600000,55500000,108000000,117000000,256000000,315000000,312000000,334000000,411000000,447000000,391000000,519000000,631000000,835000000,953000000,915000000,953000000,837000000,987000000,999000000,825000000,1080000000,878000000,807000000,1200000000,1210000000,1020000000,1220000000,1360000000,1310000000,1650000000,1690000000,1540000000,1740000000,1640000000,1460000000,1550000000,1590000000,1520000000,1650000000,1790000000,2010000000,1870000000
Ukraine,,,,,,,,,,,,,,,,,,,,,,,,,,,,,,,,,,,,,,,,,,,,,,455000000,527000000,418000000,569000000,621000000,638000000,685000000,727000000,722000000,1270000000,1490000000,1550000000,1180000000,1160000000
United Arab Emirates,3790000,4830000,3700000,3320000,4480000,120000,9620000,11600000,9100000,6570000,31400000,31100000,23700000,3440000,2390000,14300000,3520000,109000000,4280000,15600000,8890000,-250000,10900000,10200000,8230000,9710000,67800000,187000000,-19600000,-10400000,4650000,-12100000,-12300000,-13300000,-10400000,5110000,,,,,,,,,,,,,,,,,,,,,,,
Uruguay,123000000,14700000,23900000,55600000,17000000,21200000,29400000,34600000,138000000,111000000,70300000,46700000,103000000,77300000,20600000,17000000,23000000,42400000,12100000,15900000,18400000,22100000,16000000,14500000,16200000,22100000,54000000,25800000,55200000,48200000,62600000,54800000,80600000,153000000,99300000,79500000,42600000,45000000,35500000,32500000,29000000,22400000,22700000,21600000,26500000,19100000,25300000,34400000,29000000,45000000,40900000,16000000,16100000,33000000,81800000,23500000,18500000,41500000,
Uzbekistan,,,,,,,,,,,,,,,,,,,,,,,,,,,,,,,,,1560000,10800000,37200000,85900000,95000000,154000000,180000000,180000000,221000000,205000000,243000000,229000000,265000000,183000000,165000000,169000000,168000000,163000000,193000000,133000000,242000000,273000000,300000000,465000000,513000000,639000000,541000000
Vanuatu,1390000,2500000,3530000,4350000,5350000,4510000,16100000,14700000,18600000,24000000,22100000,29400000,34800000,39100000,69700000,46900000,110000000,53700000,57200000,89700000,86800000,68400000,60100000,64800000,61600000,55900000,52100000,92100000,63800000,61300000,70600000,66100000,57600000,53800000,54100000,55400000,43000000,39800000,47800000,48600000,58900000,54000000,47700000,50000000,50700000,49700000,60200000,61100000,97600000,111000000,105000000,76500000,83800000,79300000,90400000,197000000,133000000,132000000,122000000
Venezuela,-6610000,-39300000,596000000,293000000,-363000000,17500000,173000000,152000000,104000000,67700000,29900000,44700000,43100000,36600000,20100000,12600000,-52800000,-28500000,-50700000,22400000,38800000,40900000,46000000,45300000,47200000,44300000,41500000,37600000,42600000,109000000,110000000,41900000,42100000,52900000,33100000,50500000,41800000,4330000,53000000,59700000,120000000,66900000,81900000,101000000,52000000,53500000,60300000,70000000,54400000,55400000,50300000,44300000,47700000,35000000,39100000,37300000,44400000,86800000,140000000
Vietnam,1260000000,1160000000,1200000000,1470000000,1570000000,1930000000,3070000000,2660000000,2500000000,2470000000,2200000000,2250000000,2640000000,2050000000,2780000000,1350000000,734000000,850000000,1100000000,877000000,555000000,596000000,579000000,359000000,373000000,365000000,365000000,209000000,247000000,189000000,239000000,296000000,640000000,362000000,1170000000,852000000,1080000000,1070000000,1330000000,1400000000,1660000000,1680000000,1400000000,1780000000,1740000000,1750000000,1750000000,2290000000,2130000000,3050000000,2520000000,2820000000,3500000000,3740000000,3930000000,3300000000,2910000000,2400000000,1570000000
Yemen,122000000,118000000,142000000,167000000,181000000,239000000,277000000,181000000,49100000,34800000,104000000,185000000,261000000,280000000,727000000,887000000,1640000000,1400000000,1080000000,866000000,1270000000,1160000000,1440000000,1030000000,1350000000,1030000000,677000000,829000000,483000000,580000000,650000000,386000000,324000000,409000000,211000000,192000000,293000000,454000000,505000000,597000000,435000000,537000000,301000000,290000000,294000000,317000000,303000000,231000000,392000000,527000000,634000000,436000000,672000000,967000000,1060000000,1790000000,2340000000,3230000000,7660000000
Zambia,8500000,8130000,50700000,45800000,173000000,85800000,215000000,470000000,246000000,149000000,86800000,129000000,115000000,209000000,234000000,305000000,218000000,338000000,501000000,672000000,688000000,526000000,750000000,521000000,594000000,790000000,895000000,730000000,737000000,576000000,670000000,1180000000,1330000000,1170000000,920000000,2350000000,735000000,799000000,468000000,816000000,1120000000,815000000,1120000000,927000000,1200000000,1230000000,1560000000,994000000,1040000000,1220000000,893000000,953000000,907000000,1060000000,926000000,808000000,982000000,1040000000,961000000
Zimbabwe,,90000,,92600000,37500000,28700000,2860000,2690000,16800000,4690000,3880000,3920000,4480000,4240000,6880000,15300000,25200000,24000000,28300000,30900000,347000000,400000000,505000000,498000000,749000000,576000000,460000000,511000000,432000000,427000000,476000000,525000000,1050000000,695000000,755000000,579000000,449000000,437000000,350000000,304000000,230000000,231000000,270000000,222000000,203000000,401000000,282000000,465000000,596000000,740000000,691000000,665000000,923000000,758000000,691000000,786000000,662000000,726000000,763000000
